"Study","r","N","a","b","c","d","e","f","g","h","i","j","k","l","m","n","o"
"Cryder and Loewenstein (2012; Study 2, determined-pictures)","–.003","169","1","2","1","2","1","2","1","2","2","2","3","2","1","1","1"
"Dickert et al. (2011, Study 2, group)","–.006","84","1","4","2","2","1","2","1","2","2","2","3","2","1","1","2"
"Dickert et al. (2011, Study 2, single)",".290","84","1","4","1","1","1","2","1","2","2","2","3","2","1","1","2"
"Ein-Gar and Levontin (2013, Study 2, high temporal distance)","–.013","136","1","1","1","2","2","1","1","2","2","2","2","2","2","1","2"
"Ein-Gar and Levontin (2013, Study 2, low temporal distance)",".167","136","1","1","1","2","2","1","1","2","1","2","2","2","2","1","2"
"Erlandsson et al. (2015, Study 4, IVE-ad)",".027","432","1","2","1","2","1","1","2","2","2","2","1","1","1","1","2"
"Friedrich and McGuire (2010; high rational scorers)","–.021","44","1","2","1","2","1","2","1","2","2","2","3","1","1","2","1"
"Friedrich and McGuire (2010; low rational scorers)",".372","36","1","2","1","2","1","2","1","2","2","2","3","1","1","2","1"
"Kogut (2011, Study 1, not responsible)",".179","62","2","1","1","2","1","1","2","1","2","2","3","1","1","1","2"
"Kogut (2011, Study 1, responsible)","–.198","51","2","1","1","2","1","1","2","1","2","2","3","1","1","1","2"
"Kogut (2011, Study 2)","–.091","52","2","1","1","2","1","1","2","1","2","2","3","1","1","1","2"
"Kogut (2011, Study 4, just world for others)","–.302","47","2","2","1","2","2","1","1","1","1","2","1","1","1","1","2"
"Kogut (2011, Study 4, unjust world for others)",".257","47","2","2","1","2","2","1","1","1","1","2","1","1","1","1","2"
"Kogut and Kogut (2013, Study 1)",".175","79","1","1","1","1","1","1","2","2","1","2","3","1","1","1","2"
"Kogut and Kogut (2013, Study 2)",".193","112","1","1","1","1","1","1","2","2","1","2","3","1","1","1","2"
"Kogut and Ritov (2005a, Study 1, group; age, name, & picture)","–.007","62","1","3","2","2","1","1","2","2","1","1","1","1","1","1","2"
"Kogut and Ritov (2005a, Study 1, single; age, name, & picture)",".263","62","1","3","1","1","1","1","2","2","1","1","1","1","1","1","2"
"Kogut and Ritov (2005a, Study 2, group)","–.209","56","1","3","2","2","1","1","2","2","1","1","1","1","1","1","2"
"Kogut and Ritov (2005a, Study 2, single)",".129","56","1","3","1","1","1","1","2","2","1","1","1","1","1","1","2"
"Kogut and Ritov (2005b, Experiment 1, group)","–.236","78","1","3","2","2","1","1","2","2","1","1","3","1","1","1","2"
"Kogut and Ritov (2005b, Experiment 1, single)",".270","75","1","3","1","1","1","1","2","2","1","1","3","1","1","1","2"
"Kogut and Ritov (2005b, Experiment 3, group; needy)","–.190","56","1","3","2","2","1","1","1","2","2","1","1","1","1","1","2"
"Kogut and Ritov (2005b, Experiment 3, single; needy)",".255","56","1","3","1","1","1","1","1","2","2","1","1","1","1","1","2"
"Kogut and Ritov (2007, Experiment 1, group; Indian names)","–.258","58","2","4","2","2","2","2","2","2","2","2","3","1","1","1","2"
"Kogut and Ritov (2007, Experiment 1, group; Israeli names)","–.071","56","2","4","2","2","2","1","2","2","2","2","3","1","1","1","2"
"Kogut and Ritov (2007, Experiment 1, single; Indian names)","–.036","61","2","4","1","1","2","2","2","2","2","2","3","1","1","1","2"
"Kogut and Ritov (2007, Experiment 1, single; Israeli names)",".349","60","2","4","1","1","2","1","2","2","2","2","3","1","1","1","2"
"Lesner and Rasmussen (2014)",".004","12,802","1","3","2","2","1","2","1","2","1","2","3","2","2","2","2"
"Ritov and Kogut (2011, Experiment 1, different political view)",".100","90","1","1","1","1","1","1","2","2","1","2","1","1","1","1","2"
"Ritov and Kogut (2011, Experiment 1, same political view)","–.193","109","1","1","1","1","1","1","2","2","1","2","1","1","1","1","2"
"Ritov and Kogut (2011, Experiment 3, non-rival; rival team)","–.240","42","2","1","1","1","2","1","2","2","2","2","1","1","1","1","2"
"Ritov and Kogut (2011, Experiment 3, non-rival; same team)",".270","32","2","1","1","1","2","1","2","2","2","2","1","1","1","1","2"
"Ritov and Kogut (2011, Experiment 3, rival; rival team)",".211","46","2","1","1","1","2","1","2","2","2","2","1","1","1","1","2"
"Ritov and Kogut (2011, Experiment 3, rival; same team)","–.179","51","2","1","1","1","2","1","2","2","2","2","1","1","1","1","2"
"Small et al. (2007, Study 1, intervention)",".027","59","1","2","1","2","1","2","1","2","2","2","3","1","1","2","1"
"Small et al. (2007, Study 1, no intervention)",".406","60","1","2","1","2","1","2","1","2","2","2","3","1","1","2","1"
"Small et al. (2007, Study 2, less frame)","–.016","50","1","2","1","2","1","2","1","2","2","2","3","1","1","2","1"
"Small et al. (2007, Study 2, more frame)","–.040","49","1","2","1","2","1","2","1","2","2","2","3","1","1","2","1"
"Small et al. (2007, Study 3)",".292","106","1","2","1","2","1","2","1","2","2","2","3","1","1","2","1"
"Small et al. (2007, Study 4, calculate)","–.097","82","1","2","1","2","1","2","1","2","2","2","3","1","1","1","1"
"Small et al. (2007, Study 4, feel)",".231","82","1","2","1","2","1","2","1","2","2","2","3","1","1","1","1"